iso2,iso3,wheat_exp_qnt,wheat_imp_qnt,wheat_prod,wheat_exp_vle,wheat_imp_vle,barley_exp_qnt,barley_imp_qnt,barley_prod,barley_exp_vle,barley_imp_vle,maize_exp_qnt,maize_imp_qnt,maize_prod,maize_exp_vle,maize_imp_vle,oil_sunflower_exp_qnt,oil_sunflower_imp_qnt,oil_sunflower_prod,oil_sunflower_exp_vle,oil_sunflower_imp_vle,oil_soybean_exp_qnt,oil_soybean_imp_qnt,oil_soybean_prod,oil_soybean_exp_vle,oil_soybean_imp_vle
AF,AFG,21,496237,5185000,7,113510,1528,5451,127757,398,902,215,2809,271776,26,294,30,98000,3066,23,100000,NA,6000,NA,NA,8000
DZ,DZA,5,7053568,3106754,2,1828931,NA,840320,1213137,NA,185766,5,5010449,3221,1,931938,2300,55240,2600,2500,44634,95100,701767,9800,110000,555907
AR,ARG,10196931,18,19776942,2029494,58,2233130,16311,4483062,457326,5236,36881996,3857,58395811,6046745,16373,399524,95,1414500,322487,162,5271404,9,8081200,3740139,42
AM,ARM,64,349761,131951,34,72254,NA,24785,89986,NA,3604,NA,71674,6467,NA,13207,6,28487,152,10,26660,NA,684,NA,NA,517
AU,AUS,10400418,482237,14480217,2698498,126810,4258209,70,10127175,908420,182,49958,3954,267552,16789,4354,1185,76641,7800,1814,84236,494,20244,3900,590,21446
AT,AUT,619174,1151670,1652740,190907,238713,86519,287548,864860,19143,57976,542819,967257,2411930,284794,232175,40629,76114,72000,50345,77494,7633,11957,26600,7261,12931
BH,BHR,0,81403,NA,0,23887,NA,2627,NA,NA,791,1,19346,NA,3,5507,0,6562,NA,0,9076,23,2211,NA,25,3443
BD,BGD,1,6014980,1029000,0,1439760,NA,21891,124,NA,4286,13,2218694,4015306,30,466226,110,8638,NA,90,11301,16000,665911,292700,13760,516509
BY,BLR,21684,17791,2848391,4174,4741,3846,151394,1375015,677,27839,36318,105042,1075833,7060,55778,6450,89241,21852,4585,80160,79878,11258,83318,61331,8036
BE,BEL,637848,3852303,1741480,185177,859193,159687,1942155,329470,35921,411919,144633,1922956,421010,40039,445149,166819,586820,36000,190410,549356,72776,136504,31700,71048,111802
BA,BIH,36508,337442,321804,8335,71505,88,20696,88742,32,3744,6663,170544,1426356,2029,37249,60865,65736,39400,57312,60568,2323,921,7100,2066,685
BW,BWA,278,131004,1028,36,51930,NA,11,NA,NA,6,1152,295364,61947,398,59537,35,25107,NA,120,31596,1,2340,NA,2,2448
BR,BRA,560878,6159926,6347987,111731,1459354,31,660540,387146,4,180508,34431936,1372309,103963620,5853003,218996,238,61537,196445,321,53454,1109809,199345,11263345,761418,170069
BG,BGR,3223233,28679,4847940,698083,9446,333032,507,566320,65436,378,2559570,27844,3014090,497072,56557,524527,41873,524500,455006,36557,1944,35519,300,1560,30260
CM,CMR,0,815783,437,0,204785,NA,1500,NA,NA,500,59,28489,2091263,9,5523,NA,432,NA,NA,621,NA,60,NA,NA,81
CA,CAN,26110509,182169,35183000,6317889,30106,2807251,124756,10740600,600761,22921,1132480,1792762,13563400,250141,455268,1758,47763,20400,2708,67039,126906,45721,360258,100466,48653
CL,CHL,4,1150371,1230988,3,282530,702,35208,193166,253,8999,31038,2788951,592988,100783,572771,42,95731,500,54,98538,NA,99346,13700,NA,99519
TW,TWN,33,1414930,4710,14,403098,1,42595,NA,4,10341,133,4423893,206476,48,889345,201,18318,NA,850,19345,11949,151,470100,10679,220
CO,COL,0,1934625,6295,1,477629,NA,336349,6152,NA,93811,1029,6162363,1479010,3322,1221505,34,39731,942,81,36595,73787,377749,145622,71762,293032
CG,COG,0,196408,NA,1,54643,NA,1503,NA,NA,646,NA,17550,13000,NA,5470,NA,393,NA,NA,478,NA,864,NA,NA,1037
CR,CRI,0,271942,NA,0,72223,NA,54,NA,NA,37,6816,954489,14181,1566,194135,456,8929,NA,577,8834,15716,13544,47000,15470,11244
HR,HRV,572162,140245,867530,114334,29501,132904,26360,325520,24007,5751,1213051,76472,2430600,226688,36067,42768,69080,19200,40878,59354,8403,9103,7700,6664,7257
CY,CYP,51,35941,32270,21,10449,NA,162960,41630,NA,33564,NA,289031,NA,NA,60761,72,7235,NA,95,7783,NA,4076,NA,NA,3750
CZ,CZE,2497600,71948,4902410,523218,18195,354391,45068,1816180,68127,10413,312907,173777,825500,57957,67000,86735,60152,90100,89021,61612,1291,16426,NA,1390,13592
CD,COD,2,358570,9000,1,96640,NA,NA,970,NA,NA,10,76976,2111786,1,17199,NA,1639,NA,NA,1489,NA,69,NA,NA,66
DK,DNK,804381,147796,4070410,174498,41597,717795,77531,4156500,155693,15815,64339,190589,38740,15060,73645,318,17945,NA,329,19756,1016,95266,NA,856,74110
DO,DOM,335,518927,NA,431,133149,NA,2,NA,NA,11,1327,1280392,50658,738,260424,2,3096,NA,3,3213,14712,180434,4700,19789,144490
EG,EGY,8,9042583,9000000,13,2693851,26,4183,104092,8,1583,9029,7880031,7500000,2620,1880862,36240,105422,13900,43590,81901,169761,35185,653400,126936,27383
SV,SLV,1642,269757,NA,508,71341,NA,12,NA,NA,12,6696,685481,886000,1773,147636,116,3569,NA,229,5320,392,20523,NA,446,18470
EE,EST,709971,10049,840520,154550,2313,291141,7373,561120,55446,1745,122,25985,0,185,6740,3894,7035,500,4150,6415,477,1102,NA,535,1076
SZ,SWZ,NA,52558,715,NA,15414,NA,0,NA,NA,0,142,185642,87000,60,37644,NA,2277,NA,NA,2525,NA,3243,NA,NA,2797
ET,ETH,2,1054866,5478709,21,431176,28,6300,2261265,28,3161,NA,106891,10022286,NA,31075,0,17494,NA,3,19410,NA,11100,1300,NA,12500
FI,FIN,152763,4928,686620,33460,1855,166058,36,1397970,33121,37,1,22828,NA,4,5180,15,1159,5000,30,1495,828,36,4900,677,38
FR,FRA,19792597,263211,30144110,4528591,76777,6778158,66450,10273570,1359114,16873,4558720,661441,13419140,1711436,311590,365582,298342,532800,399843,293599,51934,74380,144400,44880,58661
GE,GEO,24,490945,102400,13,107922,243,18909,45400,55,2808,593,118675,255000,710,24119,248,46680,535,287,46026,90,25,NA,65,26
DE,DEU,9259493,3999368,22172100,2105865,907414,2405178,1488943,10769200,480207,299688,394069,3802901,4020000,155549,994046,195891,495003,98800,220949,461551,196724,107316,624100,157255,90722
GH,GHA,33,803923,NA,6,208623,NA,0,NA,NA,1,14374,5781,3071000,1355,7909,0,25879,NA,0,30000,0,8509,NA,2,9157
GR,GRC,286932,894926,1095150,89061,211883,10854,48930,398680,2031,9830,8303,669567,1178050,5517,158436,4406,69436,71100,5562,62083,9184,9317,50100,7582,8070
GT,GTM,0,638708,835,1,170154,12,44,18,15,19,1093,1467948,1910000,1241,307392,2104,6200,NA,2780,5418,17617,116680,6500,17709,88574
GN,GIN,0,350857,NA,0,89939,NA,1,NA,NA,2,4,1294,907941,1,767,NA,1599,NA,NA,2132,NA,5872,NA,NA,4937
HU,HUN,2979320,133923,5121480,599166,26999,831605,30271,1483950,140153,5433,4040502,168688,8365430,997546,133695,524733,46795,687000,480857,40151,22171,9658,25800,18003,7730
IN,IND,928684,222,107590000,243067,67,2090,70768,1720000,860,18273,1766876,231798,30160000,389280,64701,3171,2505754,67500,4502,2075311,13573,3738942,1438200,17047,2986426
ID,IDN,0,10299702,NA,0,2616037,NA,482,NA,NA,116,64272,865652,22500000,16516,172649,123,8152,6553,159,9861,1,32478,511035,6,32756
IQ,IRQ,772,1068000,6238392,451,303000,NA,47000,1756200,NA,11000,26,772003,419345,71,163848,59,572227,12115,61,476050,NA,44300,11,NA,1400
IE,IRL,29714,255103,364920,7280,72708,33743,207873,1347460,8875,50766,89315,1313414,0,22877,272672,102,26323,NA,200,27509,5145,69086,3600,4792,55412
IL,ISR,11,1597754,116691,6,355863,NA,388233,15480,NA,79749,1020,1785038,73419,259,357991,0,40420,2600,13,40550,0,4931,71800,165,3906
IT,ITA,61044,7994396,6716180,25506,2039111,40210,449564,1123730,9082,86194,41151,5994601,6793130,54790,1195064,57249,589559,150100,69256,505195,83089,64022,413200,65183,59622
JO,JOR,1440,878273,21746,419,215120,6696,528098,48840,1550,121383,8396,777343,23631,1907,162898,8,73477,NA,10,70921,5,36192,NA,11,31460
KZ,KAZ,5198943,634154,14257950,1137140,86937,980295,67001,3659260,176172,11371,68760,6310,958106,15550,5779,115472,101687,320135,91635,87943,18491,55,23248,14189,69
KE,KEN,1039,1882400,404700,482,458151,20173,29,34953,1334,13,7139,472761,3789000,12061,117886,1140,6693,1700,1175,5188,491,5993,NA,411,6751
KW,KWT,98,507896,68,321,145353,NA,445593,4205,NA,93312,20,111269,16415,46,54392,2030,13368,NA,3194,21860,NA,8748,16,NA,10587
KG,KGZ,88,134604,629052,10,29242,NA,331,510208,NA,46,3656,704,714086,522,1792,87,17836,238,120,25833,3,0,NA,2,0
LV,LVA,3011623,763300,2659600,652979,161853,127760,28887,308800,23588,5137,39441,93839,0,7733,19458,637,14013,100,850,14327,960,2129,0,741,1872
LB,LBN,764,630549,140000,203,148488,5724,53388,31000,1233,11412,15387,557076,3000,3649,117833,2462,94241,6100,2745,83464,4510,4271,53800,3116,4174
LS,LSO,0,71046,8000,0,20683,0,39,484,0,19,352,57018,70000,65,10011,5,4562,NA,5,6514,NA,275,NA,NA,358
LT,LTU,3979200,113445,4818750,896645,24560,383855,54868,705910,73468,10602,235028,321349,141690,46885,61588,12503,36952,NA,11189,32322,6427,20459,200,5289,14945
LU,LUX,30423,139260,72400,8237,38970,12742,4197,33020,2798,979,12464,15105,660,5310,9285,51,1695,NA,122,2646,97,419,NA,259,700
MY,MYS,356,1390593,NA,142,377012,274,5048,NA,142,2667,13653,3848547,68207,3403,792788,77602,119701,1767,96946,111794,112079,116623,118000,107510,96287
MV,MDV,626,2,NA,139,2,NA,0,NA,NA,1,NA,68,143,NA,66,NA,2902,NA,NA,3702,NA,480,NA,NA,601
ML,MLI,0,357121,37124,0,91445,NA,0,NA,NA,0,9568,1057,3516865,681,668,9,343,NA,9,460,10,106,NA,9,132
MX,MEX,255638,3726125,2986689,69479,901745,NA,60482,864293,NA,14613,312384,15953293,27424528,117440,3086058,18566,33161,11400,27296,30495,7662,113017,874503,8404,94475
ME,MNE,0,11612,2339,1,2586,NA,1836,1020,NA,400,327,29169,2687,72,5622,23,10813,NA,25,11512,NA,0,NA,NA,0
MA,MAR,10,5521529,2561898,12,1426385,NA,1126336,645032,NA,243351,1,2866673,29888,2,569035,26992,66620,13500,29340,57016,26455,546856,4100,28507,412446
MZ,MOZ,10020,787281,15000,3056,213552,0,28,NA,14,9,540,282983,1632321,214,57008,15746,18677,4700,14939,21991,702,34932,4300,542,30179
MM,MMR,3,478646,111215,0,136480,NA,688,NA,NA,165,1191119,11018,2041034,382695,32478,NA,42456,66891,NA,42400,NA,1302,18000,NA,1232
"NA","NAM",95,124526,12000,10,33758,0,145,NA,0,46,2621,132758,64000,55,40560,71,21802,65,57,29589,NA,745,NA,NA,695
NL,NLD,256795,4296917,931830,68156,949463,86537,2629502,246190,22489,512956,849256,5945756,165790,235694,1332204,780719,885607,214800,737353,747557,615134,99196,635200,464325,76145
NZ,NZL,68,412117,453749,60,123199,240,12407,337666,353,2946,1315,110989,190098,3206,27953,355,20779,NA,756,24620,7,12474,NA,21,12762
NG,NGA,24,5902528,55000,17,1483996,NA,2221,NA,NA,2266,4723,279909,12000000,252,54685,11,1545,NA,13,1942,54,221,91900,19,221
MK,MKD,4807,96768,246031,1014,22220,2645,1429,147711,461,368,17243,60802,149685,3245,13659,2348,41464,3200,2419,38606,NA,348,0,NA,290
NO,NOR,50,278961,303000,17,71374,618,9175,606000,240,2116,277,69580,NA,338,16717,NA,11235,0,NA,13775,81068,8027,82300,61961,7398
OM,OMN,350,653069,2865,118,160985,1,164258,3671,0,40610,15,378095,25245,13,72654,7615,47060,NA,8341,47466,740,19767,NA,903,19087
PK,PAK,28000,2490628,25247511,5532,660078,223,4645,47199,34,1338,64682,25215,8464885,12634,56662,1,406,52000,2,636,797,97798,396900,1010,66551
PS,PSE,4,96433,34374,17,34268,NA,60000,15257,NA,12000,NA,60000,NA,NA,12000,NA,19305,NA,NA,21128,NA,2671,NA,NA,2237
PG,PNG,168,257795,NA,13,71653,NA,390,NA,NA,112,NA,237,12447,NA,575,NA,3609,NA,NA,4025,NA,5300,NA,NA,5098
PY,PRY,282901,64,1302870,60941,31,NA,NA,NA,NA,NA,2106920,17274,5834593,322343,51214,3868,15823,14400,2966,17623,631415,8691,704200,416787,7459
PE,PER,474,2271157,187851,394,564050,34,97232,202741,50,28655,10548,3792111,1447842,23342,779365,0,28835,NA,1,25622,0,520642,1492,0,414979
PH,PHL,1,6150375,NA,2,1573208,58,11232,NA,136,3536,1733,740593,8118546,4797,212516,NA,14828,NA,NA,18136,NA,15838,28187,NA,14495
PL,POL,4689130,869332,12433210,1047399,174663,301479,206092,2944790,56279,42041,1490378,421652,6694650,321528,192649,92416,219866,NA,84229,200108,40699,228326,NA,35375,179538
PT,PRT,11071,1201620,83500,3048,290982,8251,365616,61950,1808,75441,137709,1899506,682090,31631,377979,34364,67221,104000,32053,63628,110481,9533,192100,103628,8666
KR,KOR,11,3709068,16985,4,970454,98,61313,98397,314,15069,6,11663975,91766,70,2370922,35,37375,NA,144,46602,2166,391191,190000,3721,312347
MD,MDA,135870,3999,569735,27494,1041,20393,1302,106763,3396,265,449883,33811,785170,79545,25023,138457,4688,150900,100919,4852,2074,50,5600,1595,17
RO,ROU,4304783,1212160,6754530,962465,250925,1309028,751592,1154520,244845,130359,5651064,1348877,10942350,1234562,365691,187830,54516,533300,171120,51241,5946,7181,63200,5140,6050
RU,RUS,37267014,190042,85896326,7918294,64839,4963402,49016,20938993,898888,7545,2289269,51325,13879210,395244,132704,3207069,1140,5418427,2472067,1359,610990,63446,741173,442985,49379
SA,SAU,NA,3109457,554562,NA,771863,NA,2898427,438084,NA,616143,61,3070882,59201,43,654188,20249,86030,NA,27648,77504,73037,9229,134000,59120,11079
SN,SEN,4520,693996,NA,1634,191876,NA,NA,NA,NA,NA,99,323439,761883,338,72966,NA,16449,NA,NA,18422,18,39842,NA,28,28196
RS,SRB,520817,2927,2873503,107463,1430,87823,3962,490115,16183,948,3608208,3497,7872607,665307,16658,155191,13462,234090,139847,12880,80985,0,55258,63087,1
SG,SGP,29,240689,NA,7,69879,118,463,NA,144,664,1090,9853,NA,383,2705,15263,38177,NA,20464,48332,3246,15205,3600,4461,16379
SK,SVK,1274123,12842,2133330,283381,5131,134468,66689,679400,23998,16687,619203,88880,1642670,147190,51141,11153,43069,12600,12541,45127,50118,4311,NA,102519,3886
SI,SVN,105518,144218,158130,23301,30173,20902,18015,122210,3878,4294,841207,776975,429930,152750,145079,21178,38869,NA,19135,35966,7188,13972,NA,6014,10886
ZA,ZAF,182634,2214587,2109100,53435,494328,1144,32980,589846,971,6367,2584946,82300,15300000,566234,36095,61651,262667,218700,70708,163904,53163,150560,222400,55086,116102
SS,SSD,142,30,NA,35,20,NA,NA,NA,NA,NA,NA,16856,131000,NA,5152,NA,153,15800,NA,181,NA,35,NA,NA,43
ES,ESP,523985,4151810,8143510,180098,947506,111429,383214,11465350,27082,82637,146221,8067137,4214100,94346,1637552,223518,604242,493300,252693,518180,393665,79180,579700,304835,64247
LK,LKA,2860,1403877,NA,831,366043,2,3970,NA,6,976,9,29820,313521,46,14239,NA,2930,NA,NA,3074,6,232,667,8,301
SE,SWE,1057894,40867,3214300,240380,11059,421677,50040,1513500,86106,12135,221,53450,12500,456,16534,3948,38730,NA,6980,41534,6673,26402,NA,10568,21281
CH,CHE,508,371354,527496,362,110641,799,40982,192024,558,10267,58,139891,219692,171,42747,308,44966,8000,460,64363,208,7251,2700,399,6636
SY,SYR,123106,23031,2848472,24387,5874,401701,6741,2245791,56345,1596,6,219150,226987,5,53896,300,86227,400,350,97337,33,600,800,25,480
TH,THA,9,3096832,1423,20,778636,15,793889,158228,41,172444,27428,1598920,4805844,70659,282765,5808,35349,11200,7609,36350,113483,2526,440400,102934,2511
TR,TUR,124643,9659186,20500000,39492,2334510,14129,889319,8300000,2603,163400,404866,2299614,6500000,121037,485439,740510,892027,1099900,728164,707317,208283,148,229300,146948,283
TM,TKM,37000,70278,1320000,10000,16906,NA,652,20057,NA,138,NA,8575,43000,NA,2368,NA,41764,NA,NA,46699,NA,1606,NA,NA,1410
UG,UGA,40,621408,25000,21,151706,951,29126,NA,408,2714,258883,11876,2750000,66236,3491,5763,240,84300,7817,300,3967,51,5700,2711,52
UA,UKR,18055673,10940,24912350,3594217,3645,5046350,9264,7636340,877563,2605,27952483,24878,30290340,4885125,105384,6860958,145,5836206,5319878,134,301865,54,344721,226596,117
AE,ARE,31483,1400698,NA,21174,378462,57193,414127,NA,18536,93906,71929,556538,15978,26746,126935,22379,85201,NA,31334,85176,21957,20920,1500,23018,17381
GB,GBR,520083,2133002,9658000,118926,533541,1574932,98329,8117000,305973,24065,138934,2670571,NA,30635,619650,17046,331472,NA,23619,316045,25213,178581,128200,25692,142481
TZ,TZA,924,677162,77000,296,171368,156,NA,20392,17,NA,96965,53630,6711000,23727,19358,5970,13588,276500,8163,14265,1,3987,NA,1,2792
US,USA,26131626,1909895,49690680,6318111,467784,187077,153871,3599510,47156,38677,51838933,696709,360251560,9575254,337389,53989,186083,187000,71587,246962,1238940,134437,11290000,979140,110286
UY,URY,381626,410,776300,83311,253,41184,20,606700,8720,16,2,145058,763100,29,50832,165,20099,400,215,17345,479,6099,14000,429,5355
UZ,UZB,48212,2799621,6157844,10059,556494,NA,72874,161539,NA,14241,NA,60992,475341,NA,17614,10686,248745,80022,9615,216460,NA,17359,2606,NA,12715
VN,VNM,39567,3147629,NA,11858,809252,0,185738,NA,21,67690,328626,12144713,4559639,127328,2402234,38,13602,NA,43,17878,22109,67634,221900,19697,63849
YE,YEM,231,3044867,100860,111,754333,31,1,21000,10,3,12441,702811,40000,6009,128828,NA,56400,NA,NA,60000,NA,3900,NA,NA,3800
ZM,ZMB,243,51684,191620,17,15600,NA,176,6748,NA,168,59380,1185,3387470,38809,3403,1138,1585,14300,2164,1866,1334,39408,39100,1999,36190
ZW,ZWE,2083,244249,150000,2466,102719,0,NA,55040,0,NA,4484,894952,1202347,5932,298675,NA,9744,1800,NA,9639,NA,124126,8300,NA,128385
AL,ALB,NA,239702,233430,NA,61159,NA,6342,12645,NA,1410,NA,83402,399125,NA,20674,NA,21192,300,NA,24021,NA,1165,83,NA,961
AO,AGO,NA,579739,2955,NA,152454,NA,180,NA,NA,61,84,42293,2300000,13,11117,0,4449,3737,0,5493,NA,46420,NA,NA,60568
AG,ATG,NA,24,NA,NA,6,NA,0,NA,NA,0,105,84,11,49,53,NA,3,NA,NA,5,1500,429,NA,896,536
AZ,AZE,NA,1365100,1818665,NA,296905,NA,56284,992439,NA,10343,NA,48580,314512,NA,14158,6400,51929,32026,6688,43757,NA,258,123,NA,237
BS,BHS,NA,13,NA,NA,3,NA,0,NA,NA,0,NA,2428,643,NA,567,NA,28,NA,NA,44,NA,1351,NA,NA,2604
BB,BRB,NA,12486,NA,NA,4132,0,12,NA,1,15,4,31529,12,8,7221,NA,1614,NA,NA,1340,1046,3,5000,1675,6
BZ,BLZ,NA,27998,NA,NA,4072,NA,NA,NA,NA,NA,5101,852,83339,681,1999,NA,552,NA,NA,548,2889,1130,2461,862,771
BJ,BEN,NA,29000,NA,NA,7650,NA,0,NA,NA,0,16,3291,1611615,9,1050,1113,801,NA,984,728,NA,0,19400,NA,0
BT,BTN,NA,3284,1623,NA,974,NA,419,1123,NA,90,NA,18802,40965,NA,3915,NA,51,NA,NA,85,NA,7841,NA,NA,11796
BO,BOL,NA,114296,311310,NA,25948,NA,58,47567,NA,11,3464,63116,954833,8708,12154,90706,48,78807,71306,73,377226,7218,522886,259597,4909
BN,BRN,NA,22,NA,NA,32,NA,1,NA,NA,1,45,3908,NA,11,1235,NA,623,NA,NA,952,NA,47,NA,NA,76
BF,BFA,NA,149874,NA,NA,42250,NA,NA,NA,NA,NA,145920,3257,1920000,21024,242,NA,49,NA,NA,35,NA,NA,NA,NA,NA
BI,BDI,NA,83639,8610,NA,22849,NA,0,NA,NA,0,0,15998,260000,0,4933,NA,528,NA,NA,591,NA,0,NA,NA,0
CV,CPV,NA,21688,NA,NA,5431,NA,1,NA,NA,2,NA,39025,432,NA,8906,NA,744,NA,NA,837,NA,6429,NA,NA,6937
KH,KHM,NA,35411,NA,NA,11657,NA,164,NA,NA,86,147073,61104,950000,28175,31326,NA,2005,NA,NA,2738,NA,13986,21600,NA,19683
CF,CAF,NA,0,NA,NA,0,NA,NA,NA,NA,NA,NA,273,90000,NA,74,NA,279,NA,NA,358,NA,19,NA,NA,28
TD,TCD,NA,30000,1815,NA,5000,NA,NA,NA,NA,NA,NA,10000,407371,NA,700,NA,116,NA,NA,178,NA,0,NA,NA,0
HK,HKG,NA,3409,NA,NA,1432,158,98,NA,171,59,30,20779,NA,36,4904,36,1040,NA,53,1616,5057,34584,NA,5448,30212
MO,MAC,NA,0,NA,NA,0,NA,NA,NA,NA,NA,NA,NA,NA,NA,NA,NA,174,NA,NA,296,NA,4617,NA,NA,4594
CN,CHN,NA,8151572,134250000,NA,2260233,37,8079498,900000,56,1879891,2512,11294156,260670000,4274,2490317,3029,1953765,254200,5391,1565513,108380,962935,15528300,102221,725372
KM,COM,NA,0,NA,NA,0,NA,NA,NA,NA,NA,NA,17,6263,NA,8,NA,99,NA,NA,123,NA,21,NA,NA,27
CK,COK,NA,0,NA,NA,0,NA,NA,NA,NA,NA,NA,2,NA,NA,7,NA,3,NA,NA,6,NA,12,NA,NA,19
CU,CUB,NA,599699,NA,NA,157648,NA,NA,NA,NA,NA,NA,778499,257216,NA,151546,NA,2787,NA,NA,3380,NA,103628,20800,NA,101982
KP,PRK,NA,230000,89000,NA,73000,NA,NA,57000,NA,NA,NA,300000,2214121,NA,150000,NA,303,NA,NA,322,NA,69759,28000,NA,78549
DJ,DJI,NA,53439,NA,NA,14623,NA,NA,NA,NA,NA,NA,7645,17,NA,4927,NA,207489,NA,NA,223713,NA,394,NA,NA,339
EC,ECU,NA,1266216,14647,NA,325229,36,28613,14107,36,8511,13,67201,1304884,13,44459,1621,31966,NA,2072,29408,0,105125,6300,0,85614
GQ,GNQ,NA,2,NA,NA,1,NA,64,NA,NA,19,NA,119,NA,NA,39,NA,343,NA,NA,456,NA,383,NA,NA,479
ER,ERI,NA,35000,25000,NA,7000,NA,NA,65000,NA,NA,NA,70,20000,NA,104,NA,2668,NA,NA,3652,NA,6567,NA,NA,5499
FO,FRO,NA,14805,NA,NA,3629,NA,0,NA,NA,1,NA,6,NA,NA,13,0,25,NA,0,37,NA,0,NA,NA,4
FJ,FJI,NA,166156,NA,NA,54701,NA,135,NA,NA,44,NA,26,1704,NA,8,NA,802,NA,NA,1003,177,7916,NA,319,9015
PF,PYF,NA,1384,NA,NA,429,NA,0,NA,NA,0,NA,2624,NA,NA,1017,NA,3629,NA,NA,5193,NA,31,NA,NA,47
GA,GAB,NA,110982,NA,NA,27988,NA,NA,NA,NA,NA,NA,576,44719,NA,312,NA,2759,NA,NA,3459,41,NA,925,38,NA
GD,GRD,NA,6200,NA,NA,1704,NA,1,NA,NA,0,NA,3103,381,NA,859,NA,97,NA,NA,146,NA,182,NA,NA,327
GY,GUY,NA,26264,NA,NA,11103,NA,43,NA,NA,20,12,37192,4000,13,11452,NA,1100,NA,NA,922,NA,3296,NA,NA,2568
HT,HTI,NA,250275,NA,NA,65119,NA,NA,NA,NA,NA,858,10626,180000,183,2727,NA,2000,NA,NA,5100,NA,28800,NA,NA,40000
HN,HND,NA,277035,1244,NA,74229,NA,13,NA,NA,3,792,715613,666798,3728,148961,NA,1539,NA,NA,2176,NA,5787,399,NA,6039
IS,ISL,NA,36942,NA,NA,9405,0,12846,7287,1,3026,NA,22766,NA,NA,5458,0,556,0,0,1078,NA,2721,0,NA,3072
IR,IRN,NA,1181588,15000000,NA,299287,NA,816233,3600000,NA,171772,3440,6205079,1400000,673,1223417,NA,500000,32300,NA,400000,NA,58291,328500,NA,43756
JM,JAM,NA,176999,NA,NA,49441,NA,NA,NA,NA,NA,36,278047,2018,8,55792,NA,42,NA,NA,67,NA,26487,13,NA,22948
JP,JPN,NA,5373862,949300,NA,1524539,10,1209211,221700,65,303110,1,15770056,164,12,3293212,70,28070,0,267,33744,528,3895,488923,659,5932
LA,LAO,NA,3102,NA,NA,664,NA,NA,NA,NA,NA,166827,5668,1150000,43248,3534,NA,24,NA,NA,43,NA,3797,457,NA,4131
LR,LBR,NA,35676,NA,NA,8377,NA,0,NA,NA,0,NA,1461,NA,NA,674,NA,271,NA,NA,352,NA,66,NA,NA,73
LY,LBY,NA,1132492,130000,NA,274430,NA,791463,70000,NA,154268,NA,770035,3411,NA,155052,NA,69037,NA,NA,78157,NA,13000,NA,NA,16000
MG,MDG,NA,76013,1000,NA,20028,NA,0,NA,NA,0,147,1095,224883,42,815,107,6361,NA,84,6743,NA,43243,NA,NA,37238
MW,MWI,NA,127512,697,NA,45312,NA,0,NA,NA,0,634,5810,3691866,1058,7683,24,953,6600,25,1215,35,18306,16000,25,18668
MT,MLT,NA,21418,0,NA,5557,NA,12940,0,NA,2687,NA,49005,0,NA,10397,NA,2574,NA,NA,2888,0,1438,NA,0,1568
MR,MRT,NA,685553,8942,NA,182884,NA,NA,1554,NA,NA,NA,12785,15000,NA,1479,NA,231,NA,NA,249,NA,180259,NA,NA,153829
MU,MUS,NA,85303,NA,NA,32425,NA,22,NA,NA,14,NA,124787,769,NA,26523,0,9087,NA,0,7797,NA,20098,NA,NA,16078
MN,MNG,NA,177705,406129,NA,44933,NA,2103,3235,NA,475,NA,8080,NA,NA,2273,NA,16776,NA,NA,18862,NA,4147,NA,NA,4452
NP,NPL,NA,297376,2185289,NA,85873,NA,315,31147,NA,78,12,547988,2835674,19,135745,3269,30516,NA,3708,27435,169066,170000,19200,185215,130000
NC,NCL,NA,26538,54,NA,8083,NA,3325,NA,NA,900,NA,178,10071,NA,304,NA,2832,NA,NA,3746,NA,58,NA,NA,65
NI,NIC,NA,126821,NA,NA,34208,0,NA,NA,0,NA,1186,407505,371148,255,84418,NA,158,NA,NA,278,689,16705,2000,724,16121
NE,NER,NA,22,4276,NA,17,NA,NA,NA,NA,NA,NA,24453,46597,NA,2483,NA,334,NA,NA,132,NA,0,NA,NA,0
PA,PAN,NA,163606,NA,NA,45611,NA,17,NA,NA,8,0,521604,133115,0,106567,2,1975,NA,4,2429,NA,27263,6000,NA,31506
QA,QAT,NA,58695,2,NA,17181,NA,235995,566,NA,57164,NA,95215,947,NA,22186,741,26396,NA,1004,25163,NA,1589,NA,NA,1770
RW,RWA,NA,70257,12811,NA,17057,NA,350,NA,NA,156,1600,118000,448633,200,27500,2700,6671,NA,2650,8844,NA,1253,NA,NA,1334
LC,LCA,NA,9525,NA,NA,2355,NA,NA,NA,NA,NA,NA,4372,NA,NA,848,NA,1,NA,NA,2,0,466,NA,0,1044
VC,VCT,NA,25704,NA,NA,10768,NA,NA,NA,NA,NA,23,8198,848,4,1555,NA,124,NA,NA,171,NA,224,552,NA,550
SC,SYC,NA,778,NA,NA,249,NA,2,NA,NA,1,NA,4227,NA,NA,1439,NA,4679,NA,NA,5428,NA,0,NA,NA,0
SL,SLE,NA,7500,NA,NA,1800,NA,NA,NA,NA,NA,NA,521,26549,NA,300,NA,105,NA,NA,122,NA,11,NA,NA,16
SB,SLB,NA,13049,NA,NA,4557,NA,NA,NA,NA,NA,NA,120,NA,NA,41,NA,1,NA,NA,1,NA,1525,NA,NA,1586
SO,SOM,NA,75414,1043,NA,19797,NA,NA,NA,NA,NA,3,2692,75000,1,1216,86,30400,NA,98,35000,NA,4100,NA,NA,6150
SD,SDN,NA,2429208,750821,NA,593697,NA,NA,NA,NA,NA,472,29878,13587,98,6774,493,132525,30000,796,114192,NA,15,NA,NA,22
SR,SUR,NA,15368,NA,NA,5356,NA,NA,NA,NA,NA,0,6464,146,0,2038,2,6041,NA,2,7598,NA,3799,NA,NA,4493
TJ,TJK,NA,999167,846000,NA,243237,NA,23489,150000,NA,4074,21,9242,182000,40,2377,NA,66938,8700,NA,60491,NA,5755,NA,NA,3866
TG,TGO,NA,112976,NA,NA,19733,NA,NA,NA,NA,NA,97,1568,885000,18,460,NA,3808,NA,NA,2509,NA,125,NA,NA,118
TT,TTO,NA,126156,NA,NA,34496,NA,5,NA,NA,5,31,95385,5000,45,21321,0,1,NA,0,2,2,19271,38,4,21267
TN,TUN,NA,1995270,1042000,NA,524700,115,957620,466000,15,193311,NA,1004533,NA,NA,195626,1400,12010,1959,1680,10093,11700,91205,100800,11000,76356
VE,VEN,NA,418977,684,NA,115228,NA,NA,NA,NA,NA,NA,1024784,1552359,NA,254100,NA,6619,833,NA,8028,NA,162100,3536,NA,176000
GW,GNB,NA,NA,NA,NA,NA,NA,0,NA,NA,0,NA,6,7000,NA,9,NA,93,NA,NA,125,NA,1471,NA,NA,1754
KN,KNA,NA,NA,NA,NA,NA,NA,0,NA,NA,1,NA,71,NA,NA,24,NA,13,NA,NA,14,NA,314,NA,NA,514
ST,STP,NA,NA,NA,NA,NA,NA,0,NA,NA,0,NA,25,681,NA,26,NA,5,NA,NA,7,NA,2169,NA,NA,2653
TL,TLS,NA,NA,NA,NA,NA,NA,0,NA,NA,0,NA,38,75000,NA,10,NA,5,NA,NA,8,NA,130,NA,NA,148
TO,TON,NA,NA,NA,NA,NA,NA,NA,NA,NA,NA,1,0,NA,1,2,NA,1,NA,NA,1,NA,NA,NA,NA,NA
DM,DMA,NA,NA,NA,NA,NA,NA,NA,NA,NA,NA,NA,45,193,NA,12,NA,131,NA,NA,170,NA,123,NA,NA,203
GM,GMB,NA,NA,NA,NA,NA,NA,NA,NA,NA,NA,NA,279,35000,NA,119,NA,120,NA,NA,56,NA,5,NA,NA,6
KI,KIR,NA,NA,NA,NA,NA,NA,NA,NA,NA,NA,NA,2,NA,NA,6,NA,NA,NA,NA,NA,NA,NA,NA,NA,NA
NU,NIU,NA,NA,NA,NA,NA,NA,NA,NA,NA,NA,NA,0,NA,NA,1,NA,NA,NA,NA,NA,NA,1,NA,NA,11
VU,VUT,NA,NA,NA,NA,NA,NA,NA,NA,NA,NA,NA,19,938,NA,47,NA,43,NA,NA,75,NA,0,NA,NA,0
FM,FSM,NA,NA,NA,NA,NA,NA,NA,NA,NA,NA,NA,NA,89,NA,NA,NA,NA,NA,NA,NA,NA,NA,NA,NA,NA
NR,NRU,NA,NA,NA,NA,NA,NA,NA,NA,NA,NA,NA,NA,0,NA,NA,NA,18,NA,NA,26,NA,NA,NA,NA,NA
PR,PRI,NA,NA,NA,NA,NA,NA,NA,NA,NA,NA,NA,NA,35,NA,NA,NA,NA,NA,NA,NA,NA,NA,NA,NA,NA
WS,WSM,NA,NA,NA,NA,NA,NA,NA,NA,NA,NA,NA,NA,NA,NA,NA,NA,1097,NA,NA,1128,NA,NA,NA,NA,NA
TV,TUV,NA,NA,NA,NA,NA,NA,NA,NA,NA,NA,NA,NA,NA,NA,NA,NA,NA,NA,NA,NA,NA,0,NA,NA,0
